{
    "fit_time": [
        22.642130851745605, 
        22.823193073272705, 
        23.378461837768555
    ], 
    "score_time": [
        4.3342039585113525, 
        4.2432990074157715, 
        4.267933130264282
    ], 
    "test_accuracy": [
        0.8938242508777836, 
        0.8936799576739936, 
        0.8953583453583454
    ], 
    "test_f1": [
        0.888860918816866, 
        0.889311734808843, 
        0.8906976159971864
    ], 
    "test_precision": [
        0.9109907120743034, 
        0.906307409675444, 
        0.9108564969429174
    ], 
    "test_recall": [
        0.8677807815188007, 
        0.8729417547308921, 
        0.8714117184427841
    ], 
    "test_roc_auc": [
        0.9675906083635014, 
        0.9674920078613314, 
        0.967969772336235
    ], 
    "train_accuracy": [
        0.9001467016185277, 
        0.9012650008417306, 
        0.9002933961810399
    ], 
    "train_f1": [
        0.8956547963107236, 
        0.8970549516681084, 
        0.8960719925801519
    ], 
    "train_precision": [
        0.9163345589180573, 
        0.9156173218673219, 
        0.9143390628197258
    ], 
    "train_recall": [
        0.8758878320922117, 
        0.8792302587923025, 
        0.8785205210125338
    ], 
    "train_roc_auc": [
        0.9733106797372271, 
        0.9734747233326408, 
        0.9733795530998548
    ]
}