{
    "fit_time": [
        10.789538860321045, 
        10.96261215209961, 
        10.93576693534851
    ], 
    "score_time": [
        2.3662781715393066, 
        2.40497088432312, 
        1.777433156967163
    ], 
    "test_accuracy": [
        0.9888298190072278, 
        0.9881428827429664, 
        0.9888291517323775
    ], 
    "test_f1": [
        0.990801318313739, 
        0.9902449812025458, 
        0.9908076488226908
    ], 
    "test_precision": [
        0.9907525823905559, 
        0.9892483676174579, 
        0.990028979812368
    ], 
    "test_recall": [
        0.9908500590318772, 
        0.9912436048799685, 
        0.9915875436611403
    ], 
    "test_roc_auc": [
        0.9992513458914968, 
        0.9990997982785826, 
        0.9990092235992313
    ], 
    "train_accuracy": [
        0.9889788238105194, 
        0.9894417729458499, 
        0.9893674213009975
    ], 
    "train_f1": [
        0.990929872428287, 
        0.991309905724154, 
        0.9912470495672698
    ], 
    "train_precision": [
        0.9902483358306109, 
        0.9907375558940592, 
        0.9908572552103815
    ], 
    "train_recall": [
        0.9916123478046981, 
        0.9918829172303529, 
        0.9916371507280598
    ], 
    "train_roc_auc": [
        0.9993768554535365, 
        0.9994478505101235, 
        0.9994387796186334
    ]
}