{
    "fit_time": [
        23.59582209587097, 
        22.57300615310669, 
        23.807953119277954, 
        23.125592947006226, 
        29.787041187286377, 
        27.16882014274597, 
        19.337113857269287, 
        20.436851024627686, 
        18.13081121444702, 
        20.8700430393219
    ], 
    "score_time": [
        1.6921658515930176, 
        1.2148840427398682, 
        1.8097329139709473, 
        1.2684850692749023, 
        1.3535130023956299, 
        1.1747918128967285, 
        1.146294116973877, 
        1.199862003326416, 
        1.2204558849334717, 
        1.1639490127563477
    ], 
    "test_accuracy": [
        0.987557030277893, 
        0.9887174381947901, 
        0.9883846345308221, 
        0.9902928731436157, 
        0.9884676014270306, 
        0.9893802372853232, 
        0.9880527669459885, 
        0.9888824359080727, 
        0.9908736414170746, 
        0.9875549655687381
    ], 
    "test_f1": [
        0.9897498974989749, 
        0.9907027618266339, 
        0.9904227664523191, 
        0.992002187435915, 
        0.9904970260477199, 
        0.9912484616436482, 
        0.9901531728665207, 
        0.9908507442305067, 
        0.9924791467250101, 
        0.989749897498975
    ], 
    "test_precision": [
        0.9894794370815685, 
        0.9907027618266339, 
        0.9911007667031764, 
        0.9919343814080657, 
        0.9905647477095583, 
        0.9913840262582057, 
        0.9904240766073872, 
        0.9896344789961812, 
        0.9926148796498906, 
        0.989344262295082
    ], 
    "test_recall": [
        0.9900205058099795, 
        0.9907027618266339, 
        0.9897456931911403, 
        0.9920700027344819, 
        0.9904293136450643, 
        0.9911129340989883, 
        0.989882417281925, 
        0.9920700027344819, 
        0.9923434509160514, 
        0.9901558654634947
    ], 
    "test_roc_auc": [
        0.9992397276274692, 
        0.9991848186646268, 
        0.9993492694940597, 
        0.9994157706608161, 
        0.9992704778730568, 
        0.999179540051965, 
        0.9991935615561053, 
        0.9988932965265965, 
        0.9994061200576578, 
        0.9989042886934225
    ], 
    "train_accuracy": [
        0.9894079905602979, 
        0.9894633984457821, 
        0.9894358407079646, 
        0.9892330383480826, 
        0.9894819321533923, 
        0.9893344395280236, 
        0.9896017699115044, 
        0.9895372418879056, 
        0.9893620943952802, 
        0.98961098820059
    ], 
    "train_f1": [
        0.991273307257054, 
        0.9913190093189637, 
        0.9912961584615619, 
        0.9911274517251334, 
        0.991332882633102, 
        0.9912106778489331, 
        0.9914337788578373, 
        0.9913784590609737, 
        0.9912345997842831, 
        0.9914383171393192
    ], 
    "train_precision": [
        0.9911754431264145, 
        0.991221142162819, 
        0.9912058202585093, 
        0.9912178074906937, 
        0.9913855970829535, 
        0.9913387023248746, 
        0.9912380605287534, 
        0.9914311759343665, 
        0.9912345997842831, 
        0.9915965109564477
    ], 
    "train_recall": [
        0.9913711907149151, 
        0.9914168958026341, 
        0.991386513132909, 
        0.9910371124310693, 
        0.9912801737888708, 
        0.9910826864356571, 
        0.9916295744907105, 
        0.9913257477934586, 
        0.9912345997842831, 
        0.9912801737888708
    ], 
    "train_roc_auc": [
        0.9994774342905375, 
        0.9994742790890638, 
        0.9994769120471869, 
        0.9994648403264679, 
        0.9994719418205203, 
        0.9994788663025591, 
        0.9994732521368161, 
        0.9994762894777701, 
        0.9994524583895232, 
        0.9994810395969426
    ]
}