domain,class,mcr,ns1,ns2,ns3,ns4,ns5,len,vcr,ncr
countrypicture,dga,28.285714285714285,3367.285714285714,372.38461538461536,44.166666666666664,14.818181818181818,5.7,14.0,0.5555555555555556,0.0
modernreport,dga,53.5,3878.5833333333335,401.72727272727275,42.5,9.666666666666666,2.5,12.0,0.5,0.0
thosemember,dga,14.181818181818182,3610.7272727272725,340.9,28.666666666666668,6.125,2.857142857142857,11.0,0.5714285714285714,0.0
methodinstead,dga,25.384615384615383,3774.6153846153848,472.9166666666667,39.63636363636363,4.7,1.4444444444444444,13.0,0.625,0.0
withinspeak,dga,35.45454545454545,3263.2727272727275,381.1,34.888888888888886,6.25,1.7142857142857142,11.0,0.5714285714285714,0.0
